"","name","n","year","n2"
"1","VMTH",0.06,2020-01-01,"6%"
"2","VMTH",0.06,2020-02-01,"6%"
"3","VMTH",0.09,2020-03-01,"9%"
"4","VMTH",0.12,2020-04-01,"12%"
"5","VMTH",0.12,2020-05-01,"12%"
"6","VMTH",0.11,2020-06-01,"11%"
"7","VMTH",0.11,2020-07-01,"11%"
"8","VMTH",0.11,2020-08-01,"11%"
"9","VMTH",0.1,2020-09-01,"10%"
"10","VMTH",0.1,2020-10-01,"10%"
"11","VMTH",0.1,2020-11-01,"10%"
"12","VMTH",0.1,2020-12-01,"10%"
"13","VMTH",0.09,2021-01-01,"9%"
"14","VMTH",0.09,2021-02-01,"9%"
"15","VMTH",0.09,2021-03-01,"9%"
"16","VMTH",0.09,2021-04-01,"9%"
"17","VMTH",0.09,2021-05-01,"9%"
"18","VMTH",0.09,2021-06-01,"9%"
"19","VMTH",0.09,2021-07-01,"9%"
"20","VMTH",0.09,2021-08-01,"9%"
"21","VMTH",0.09,2021-09-01,"9%"
"22","VMTH",0.09,2021-10-01,"9%"
"23","VMTH",0.08,2021-11-01,"8%"
"24","VMTH",0.08,2021-12-01,"8%"
"25","VMTH",0.08,2022-01-01,"8%"
"26","VMTH",0.08,2022-02-01,"8%"
"27","VMTH",0.08,2022-03-01,"8%"
"28","VMTH",0.08,2022-04-01,"8%"
"638","ADMINISTRATION OVERHEAD",0.05,2020-01-01,"5%"
"560","ADMINISTRATION OVERHEAD",0.06,2020-02-01,"6%"
"562","ADMINISTRATION OVERHEAD",0.06,2020-03-01,"6%"
"231","ADMINISTRATION OVERHEAD",0.12,2020-04-01,"12%"
"845","ADMINISTRATION OVERHEAD",0.02,2020-05-01,"2%"
"502","ADMINISTRATION OVERHEAD",0.07,2020-06-01,"7%"
"203","ADMINISTRATION OVERHEAD",0.13,2020-07-01,"13%"
"380","ADMINISTRATION OVERHEAD",0.09,2020-08-01,"9%"
"851","ADMINISTRATION OVERHEAD",0.02,2020-09-01,"2%"
"738","ADMINISTRATION OVERHEAD",0.04,2020-10-01,"4%"
"809","ADMINISTRATION OVERHEAD",0.03,2020-11-01,"3%"
"247","ADMINISTRATION OVERHEAD",0.12,2020-12-01,"12%"
"895","ADMINISTRATION OVERHEAD",0.01,2021-01-01,"1%"
"814","ADMINISTRATION OVERHEAD",0.03,2021-02-01,"3%"
"817","ADMINISTRATION OVERHEAD",0.03,2021-03-01,"3%"
"594","ADMINISTRATION OVERHEAD",0.06,2021-04-01,"6%"
"69","ADMINISTRATION OVERHEAD",0.21,2021-05-01,"21%"
"154","ADMINISTRATION OVERHEAD",0.15,2021-06-01,"15%"
"902","ADMINISTRATION OVERHEAD",0.01,2021-07-01,"1%"
"604","ADMINISTRATION OVERHEAD",0.06,2021-08-01,"6%"
"297","ADMINISTRATION OVERHEAD",0.11,2021-09-01,"11%"
"412","ADMINISTRATION OVERHEAD",0.09,2021-10-01,"9%"
"703","ADMINISTRATION OVERHEAD",0.05,2021-11-01,"5%"
"304","ADMINISTRATION OVERHEAD",0.11,2021-12-01,"11%"
"483","ADMINISTRATION OVERHEAD",0.08,2022-01-01,"8%"
"876","ADMINISTRATION OVERHEAD",0.02,2022-02-01,"2%"
"551","ADMINISTRATION OVERHEAD",0.07,2022-03-01,"7%"
"431","ADMINISTRATION OVERHEAD",0.09,2022-04-01,"9%"
"556","ANESTHESIA",0.06,2020-01-01,"6%"
"642","ANESTHESIA",0.05,2020-02-01,"5%"
"91","ANESTHESIA",0.18,2020-03-01,"18%"
"2610","ANESTHESIA",0.34,2020-04-01,"34%"
"171","ANESTHESIA",0.14,2020-05-01,"14%"
"565","ANESTHESIA",0.06,2020-06-01,"6%"
"145","ANESTHESIA",0.15,2020-07-01,"15%"
"378","ANESTHESIA",0.09,2020-08-01,"9%"
"318","ANESTHESIA",0.1,2020-09-01,"10%"
"148","ANESTHESIA",0.15,2020-10-01,"15%"
"209","ANESTHESIA",0.13,2020-11-01,"13%"
"131","ANESTHESIA",0.16,2020-12-01,"16%"
"279","ANESTHESIA",0.11,2021-01-01,"11%"
"396","ANESTHESIA",0.09,2021-02-01,"9%"
"251","ANESTHESIA",0.12,2021-03-01,"12%"
"330","ANESTHESIA",0.1,2021-04-01,"10%"
"528","ANESTHESIA",0.07,2021-05-01,"7%"
"465","ANESTHESIA",0.08,2021-06-01,"8%"
"184","ANESTHESIA",0.14,2021-07-01,"14%"
"262","ANESTHESIA",0.12,2021-08-01,"12%"
"296","ANESTHESIA",0.11,2021-09-01,"11%"
"188","ANESTHESIA",0.14,2021-10-01,"14%"
"345","ANESTHESIA",0.1,2021-11-01,"10%"
"222","ANESTHESIA",0.13,2021-12-01,"13%"
"223","ANESTHESIA",0.13,2022-01-01,"13%"
"485","ANESTHESIA",0.08,2022-02-01,"8%"
"487","ANESTHESIA",0.08,2022-03-01,"8%"
"193","ANESTHESIA",0.14,2022-04-01,"14%"
"881","B BARN",0.01,2020-01-01,"1%"
"498","B BARN",0.07,2020-02-01,"7%"
"2810","B BARN",0.32,2020-03-01,"32%"
"1210","B BARN",0.48,2020-04-01,"48%"
"800","B BARN",0.03,2020-05-01,"3%"
"31","B BARN",0.29,2020-06-01,"29%"
"805","B BARN",0.03,2020-07-01,"3%"
"889","B BARN",0.01,2020-08-01,"1%"
"733","B BARN",0.04,2020-09-01,"4%"
"930","B BARN",0,2020-10-01,"0%"
"808","B BARN",0.03,2020-11-01,"3%"
"455","B BARN",0.08,2020-12-01,"8%"
"812","B BARN",0.03,2021-01-01,"3%"
"945","B BARN",0,2021-02-01,"0%"
"759","B BARN",0.04,2021-03-01,"4%"
"897","B BARN",0.01,2021-04-01,"1%"
"819","B BARN",0.03,2021-05-01,"3%"
"405","B BARN",0.09,2021-06-01,"9%"
"532","B BARN",0.07,2021-07-01,"7%"
"866","B BARN",0.02,2021-08-01,"2%"
"773","B BARN",0.04,2021-09-01,"4%"
"905","B BARN",0.01,2021-10-01,"1%"
"829","B BARN",0.03,2021-11-01,"3%"
"620","B BARN",0.06,2021-12-01,"6%"
"624","B BARN",0.06,2022-01-01,"6%"
"629","B BARN",0.06,2022-02-01,"6%"
"911","B BARN",0.01,2022-03-01,"1%"
"362","B BARN",0.1,2022-04-01,"10%"
"837","BEHAVIOR",0.02,2020-01-01,"2%"
"497","BEHAVIOR",0.07,2020-02-01,"7%"
"841","BEHAVIOR",0.02,2020-03-01,"2%"
"844","BEHAVIOR",0.02,2020-04-01,"2%"
"563","BEHAVIOR",0.06,2020-05-01,"6%"
"440","BEHAVIOR",0.08,2020-06-01,"8%"
"49","BEHAVIOR",0.24,2020-07-01,"24%"
"652","BEHAVIOR",0.05,2020-08-01,"5%"
"927","BEHAVIOR",0,2020-09-01,"0%"
"657","BEHAVIOR",0.05,2020-10-01,"5%"
"932","BEHAVIOR",0,2020-11-01,"0%"
"150","BEHAVIOR",0.15,2020-12-01,"15%"
"937","BEHAVIOR",0,2021-01-01,"0%"
"752","BEHAVIOR",0.04,2021-02-01,"4%"
"857","BEHAVIOR",0.02,2021-03-01,"2%"
"952","BEHAVIOR",0,2021-04-01,"0%"
"762","BEHAVIOR",0.04,2021-05-01,"4%"
"954","BEHAVIOR",0,2021-06-01,"0%"
"408","BEHAVIOR",0.09,2021-07-01,"9%"
"691","BEHAVIOR",0.05,2021-08-01,"5%"
"772","BEHAVIOR",0.04,2021-09-01,"4%"
"538","BEHAVIOR",0.07,2021-10-01,"7%"
"966","BEHAVIOR",0,2021-11-01,"0%"
"347","BEHAVIOR",0.1,2021-12-01,"10%"
"705","BEHAVIOR",0.05,2022-01-01,"5%"
"484","BEHAVIOR",0.08,2022-02-01,"8%"
"976","BEHAVIOR",0,2022-03-01,"0%"
"192","BEHAVIOR",0.14,2022-04-01,"14%"
"432","BIOLOGICAL MEDIA SERVICES",0.08,2020-01-01,"8%"
"313","BIOLOGICAL MEDIA SERVICES",0.1,2020-02-01,"10%"
"45","BIOLOGICAL MEDIA SERVICES",0.24,2020-03-01,"24%"
"8100","BIOLOGICAL MEDIA SERVICES",0.53,2020-04-01,"53%"
"58","BIOLOGICAL MEDIA SERVICES",0.22,2020-05-01,"22%"
"59","BIOLOGICAL MEDIA SERVICES",0.22,2020-06-01,"22%"
"650","BIOLOGICAL MEDIA SERVICES",0.05,2020-07-01,"5%"
"36","BIOLOGICAL MEDIA SERVICES",0.27,2020-08-01,"27%"
"84","BIOLOGICAL MEDIA SERVICES",0.19,2020-09-01,"19%"
"115","BIOLOGICAL MEDIA SERVICES",0.17,2020-10-01,"17%"
"241","BIOLOGICAL MEDIA SERVICES",0.12,2020-11-01,"12%"
"2310","BIOLOGICAL MEDIA SERVICES",0.4,2020-12-01,"40%"
"67","BIOLOGICAL MEDIA SERVICES",0.21,2021-01-01,"21%"
"751","BIOLOGICAL MEDIA SERVICES",0.04,2021-02-01,"4%"
"519","BIOLOGICAL MEDIA SERVICES",0.07,2021-03-01,"7%"
"182","BIOLOGICAL MEDIA SERVICES",0.14,2021-04-01,"14%"
"402","BIOLOGICAL MEDIA SERVICES",0.09,2021-05-01,"9%"
"820","BIOLOGICAL MEDIA SERVICES",0.03,2021-06-01,"3%"
"767","BIOLOGICAL MEDIA SERVICES",0.04,2021-07-01,"4%"
"863","BIOLOGICAL MEDIA SERVICES",0.02,2021-08-01,"2%"
"771","BIOLOGICAL MEDIA SERVICES",0.04,2021-09-01,"4%"
"410","BIOLOGICAL MEDIA SERVICES",0.09,2021-10-01,"9%"
"413","BIOLOGICAL MEDIA SERVICES",0.09,2021-11-01,"9%"
"618","BIOLOGICAL MEDIA SERVICES",0.06,2021-12-01,"6%"
"908","BIOLOGICAL MEDIA SERVICES",0.01,2022-01-01,"1%"
"874","BIOLOGICAL MEDIA SERVICES",0.02,2022-02-01,"2%"
"834","BIOLOGICAL MEDIA SERVICES",0.03,2022-03-01,"3%"
"553","BIOLOGICAL MEDIA SERVICES",0.07,2022-04-01,"7%"
"366","CENTRAL SERVICE",0.09,2020-01-01,"9%"
"559","CENTRAL SERVICE",0.06,2020-02-01,"6%"
"168","CENTRAL SERVICE",0.14,2020-03-01,"14%"
"2510","CENTRAL SERVICE",0.36,2020-04-01,"36%"
"124","CENTRAL SERVICE",0.16,2020-05-01,"16%"
"441","CENTRAL SERVICE",0.08,2020-06-01,"8%"
"236","CENTRAL SERVICE",0.12,2020-07-01,"12%"
"379","CENTRAL SERVICE",0.09,2020-08-01,"9%"
"320","CENTRAL SERVICE",0.1,2020-09-01,"10%"
"385","CENTRAL SERVICE",0.09,2020-10-01,"9%"
"244","CENTRAL SERVICE",0.12,2020-11-01,"12%"
"102","CENTRAL SERVICE",0.18,2020-12-01,"18%"
"668","CENTRAL SERVICE",0.05,2021-01-01,"5%"
"673","CENTRAL SERVICE",0.05,2021-02-01,"5%"
"459","CENTRAL SERVICE",0.08,2021-03-01,"8%"
"254","CENTRAL SERVICE",0.12,2021-04-01,"12%"
"104","CENTRAL SERVICE",0.18,2021-05-01,"18%"
"88","CENTRAL SERVICE",0.19,2021-06-01,"19%"
"135","CENTRAL SERVICE",0.16,2021-07-01,"16%"
"535","CENTRAL SERVICE",0.07,2021-08-01,"7%"
"611","CENTRAL SERVICE",0.06,2021-09-01,"6%"
"539","CENTRAL SERVICE",0.07,2021-10-01,"7%"
"415","CENTRAL SERVICE",0.09,2021-11-01,"9%"
"265","CENTRAL SERVICE",0.12,2021-12-01,"12%"
"109","CENTRAL SERVICE",0.18,2022-01-01,"18%"
"423","CENTRAL SERVICE",0.09,2022-02-01,"9%"
"787","CENTRAL SERVICE",0.04,2022-03-01,"4%"
"309","CENTRAL SERVICE",0.11,2022-04-01,"11%"
"496","CLIENT SERVICES",0.07,2020-01-01,"7%"
"370","CLIENT SERVICES",0.09,2020-02-01,"9%"
"56","CLIENT SERVICES",0.22,2020-03-01,"22%"
"1510","CLIENT SERVICES",0.43,2020-04-01,"43%"
"94","CLIENT SERVICES",0.18,2020-05-01,"18%"
"95","CLIENT SERVICES",0.18,2020-06-01,"18%"
"127","CLIENT SERVICES",0.16,2020-07-01,"16%"
"113","CLIENT SERVICES",0.17,2020-08-01,"17%"
"240","CLIENT SERVICES",0.12,2020-09-01,"12%"
"100","CLIENT SERVICES",0.18,2020-10-01,"18%"
"177","CLIENT SERVICES",0.14,2020-11-01,"14%"
"103","CLIENT SERVICES",0.18,2020-12-01,"18%"
"132","CLIENT SERVICES",0.16,2021-01-01,"16%"
"178","CLIENT SERVICES",0.14,2021-02-01,"14%"
"180","CLIENT SERVICES",0.14,2021-03-01,"14%"
"333","CLIENT SERVICES",0.1,2021-04-01,"10%"
"404","CLIENT SERVICES",0.09,2021-05-01,"9%"
"407","CLIENT SERVICES",0.09,2021-06-01,"9%"
"292","CLIENT SERVICES",0.11,2021-07-01,"11%"
"263","CLIENT SERVICES",0.12,2021-08-01,"12%"
"299","CLIENT SERVICES",0.11,2021-09-01,"11%"
"474","CLIENT SERVICES",0.08,2021-10-01,"8%"
"617","CLIENT SERVICES",0.06,2021-11-01,"6%"
"478","CLIENT SERVICES",0.08,2021-12-01,"8%"
"306","CLIENT SERVICES",0.11,2022-01-01,"11%"
"424","CLIENT SERVICES",0.09,2022-02-01,"9%"
"426","CLIENT SERVICES",0.09,2022-03-01,"9%"
"310","CLIENT SERVICES",0.11,2022-04-01,"11%"
"141","CLINICAL LABORATORIES",0.15,2020-01-01,"15%"
"369","CLINICAL LABORATORIES",0.09,2020-02-01,"9%"
"111","CLINICAL LABORATORIES",0.17,2020-03-01,"17%"
"2210","CLINICAL LABORATORIES",0.4,2020-04-01,"40%"
"48","CLINICAL LABORATORIES",0.24,2020-05-01,"24%"
"199","CLINICAL LABORATORIES",0.13,2020-06-01,"13%"
"112","CLINICAL LABORATORIES",0.17,2020-07-01,"17%"
"176","CLINICAL LABORATORIES",0.14,2020-08-01,"14%"
"384","CLINICAL LABORATORIES",0.09,2020-09-01,"9%"
"208","CLINICAL LABORATORIES",0.13,2020-10-01,"13%"
"243","CLINICAL LABORATORIES",0.12,2020-11-01,"12%"
"327","CLINICAL LABORATORIES",0.1,2020-12-01,"10%"
"280","CLINICAL LABORATORIES",0.11,2021-01-01,"11%"
"249","CLINICAL LABORATORIES",0.12,2021-02-01,"12%"
"592","CLINICAL LABORATORIES",0.06,2021-03-01,"6%"
"331","CLINICAL LABORATORIES",0.1,2021-04-01,"10%"
"285","CLINICAL LABORATORIES",0.11,2021-05-01,"11%"
"214","CLINICAL LABORATORIES",0.13,2021-06-01,"13%"
"89","CLINICAL LABORATORIES",0.19,2021-07-01,"19%"
"106","CLINICAL LABORATORIES",0.18,2021-08-01,"18%"
"158","CLINICAL LABORATORIES",0.15,2021-09-01,"15%"
"61","CLINICAL LABORATORIES",0.22,2021-10-01,"22%"
"161","CLINICAL LABORATORIES",0.15,2021-11-01,"15%"
"107","CLINICAL LABORATORIES",0.18,2021-12-01,"18%"
"164","CLINICAL LABORATORIES",0.15,2022-01-01,"15%"
"120","CLINICAL LABORATORIES",0.17,2022-02-01,"17%"
"359","CLINICAL LABORATORIES",0.1,2022-03-01,"10%"
"227","CLINICAL LABORATORIES",0.13,2022-04-01,"13%"
"492","COMMUNITY SURGERY",0.07,2020-01-01,"7%"
"367","COMMUNITY SURGERY",0.09,2020-02-01,"9%"
"2410","COMMUNITY SURGERY",0.39,2020-03-01,"39%"
"1810","COMMUNITY SURGERY",0.42,2020-04-01,"42%"
"30","COMMUNITY SURGERY",0.3,2020-05-01,"30%"
"173","COMMUNITY SURGERY",0.14,2020-06-01,"14%"
"53","COMMUNITY SURGERY",0.23,2020-07-01,"23%"
"205","COMMUNITY SURGERY",0.13,2020-08-01,"13%"
"114","COMMUNITY SURGERY",0.17,2020-09-01,"17%"
"98","COMMUNITY SURGERY",0.18,2020-10-01,"18%"
"149","COMMUNITY SURGERY",0.15,2020-11-01,"15%"
"246","COMMUNITY SURGERY",0.12,2020-12-01,"12%"
"456","COMMUNITY SURGERY",0.08,2021-01-01,"8%"
"670","COMMUNITY SURGERY",0.05,2021-02-01,"5%"
"283","COMMUNITY SURGERY",0.11,2021-03-01,"11%"
"133","COMMUNITY SURGERY",0.16,2021-04-01,"16%"
"60","COMMUNITY SURGERY",0.22,2021-05-01,"22%"
"153","COMMUNITY SURGERY",0.15,2021-06-01,"15%"
"688","COMMUNITY SURGERY",0.05,2021-07-01,"5%"
"185","COMMUNITY SURGERY",0.14,2021-08-01,"14%"
"607","COMMUNITY SURGERY",0.06,2021-09-01,"6%"
"613","COMMUNITY SURGERY",0.06,2021-10-01,"6%"
"302","COMMUNITY SURGERY",0.11,2021-11-01,"11%"
"349","COMMUNITY SURGERY",0.1,2021-12-01,"10%"
"163","COMMUNITY SURGERY",0.15,2022-01-01,"15%"
"628","COMMUNITY SURGERY",0.06,2022-02-01,"6%"
"63","COMMUNITY SURGERY",0.22,2022-03-01,"22%"
"266","COMMUNITY SURGERY",0.12,2022-04-01,"12%"
"716","COMP AVIAN",0.04,2020-01-01,"4%"
"796","COMP AVIAN",0.03,2020-02-01,"3%"
"561","COMP AVIAN",0.06,2020-03-01,"6%"
"143","COMP AVIAN",0.15,2020-04-01,"15%"
"564","COMP AVIAN",0.06,2020-05-01,"6%"
"234","COMP AVIAN",0.12,2020-06-01,"12%"
"506","COMP AVIAN",0.07,2020-07-01,"7%"
"571","COMP AVIAN",0.06,2020-08-01,"6%"
"850","COMP AVIAN",0.02,2020-09-01,"2%"
"322","COMP AVIAN",0.1,2020-10-01,"10%"
"326","COMP AVIAN",0.1,2020-11-01,"10%"
"664","COMP AVIAN",0.05,2020-12-01,"5%"
"811","COMP AVIAN",0.03,2021-01-01,"3%"
"671","COMP AVIAN",0.05,2021-02-01,"5%"
"522","COMP AVIAN",0.07,2021-03-01,"7%"
"677","COMP AVIAN",0.05,2021-04-01,"5%"
"596","COMP AVIAN",0.06,2021-05-01,"6%"
"766","COMP AVIAN",0.04,2021-06-01,"4%"
"338","COMP AVIAN",0.1,2021-07-01,"10%"
"136","COMP AVIAN",0.16,2021-08-01,"16%"
"55","COMP AVIAN",0.23,2021-09-01,"23%"
"159","COMP AVIAN",0.15,2021-10-01,"15%"
"414","COMP AVIAN",0.09,2021-11-01,"9%"
"33","COMP AVIAN",0.28,2021-12-01,"28%"
"781","COMP AVIAN",0.04,2022-01-01,"4%"
"421","COMP AVIAN",0.09,2022-02-01,"9%"
"632","COMP AVIAN",0.06,2022-03-01,"6%"
"554","COMP AVIAN",0.07,2022-04-01,"7%"
"1710","DENTISTRY",0.42,2020-01-01,"42%"
"1410","DENTISTRY",0.43,2020-02-01,"43%"
"7100","DENTISTRY",0.68,2020-03-01,"68%"
"6100","DENTISTRY",0.79,2020-04-01,"79%"
"1610","DENTISTRY",0.43,2020-05-01,"43%"
"1010","DENTISTRY",0.51,2020-06-01,"51%"
"1910","DENTISTRY",0.42,2020-07-01,"42%"
"316","DENTISTRY",0.1,2020-08-01,"10%"
"732","DENTISTRY",0.04,2020-09-01,"4%"
"852","DENTISTRY",0.02,2020-10-01,"2%"
"509","DENTISTRY",0.07,2020-11-01,"7%"
"245","DENTISTRY",0.12,2020-12-01,"12%"
"745","DENTISTRY",0.04,2021-01-01,"4%"
"943","DENTISTRY",0,2021-02-01,"0%"
"949","DENTISTRY",0,2021-03-01,"0%"
"460","DENTISTRY",0.08,2021-04-01,"8%"
"763","DENTISTRY",0.04,2021-05-01,"4%"
"105","DENTISTRY",0.18,2021-06-01,"18%"
"861","DENTISTRY",0.02,2021-07-01,"2%"
"692","DENTISTRY",0.05,2021-08-01,"5%"
"409","DENTISTRY",0.09,2021-09-01,"9%"
"774","DENTISTRY",0.04,2021-10-01,"4%"
"967","DENTISTRY",0,2021-11-01,"0%"
"871","DENTISTRY",0.02,2021-12-01,"2%"
"352","DENTISTRY",0.1,2022-01-01,"10%"
"354","DENTISTRY",0.1,2022-02-01,"10%"
"877","DENTISTRY",0.02,2022-03-01,"2%"
"789","DENTISTRY",0.04,2022-04-01,"4%"
"914","DERMATOLOGY",0,2020-01-01,"0%"
"916","DERMATOLOGY",0,2020-02-01,"0%"
"57","DERMATOLOGY",0.22,2020-03-01,"22%"
"32","DERMATOLOGY",0.28,2020-04-01,"28%"
"920","DERMATOLOGY",0,2020-05-01,"0%"
"923","DERMATOLOGY",0,2020-06-01,"0%"
"847","DERMATOLOGY",0.02,2020-07-01,"2%"
"926","DERMATOLOGY",0,2020-08-01,"0%"
"29","DERMATOLOGY",0.31,2020-09-01,"31%"
"659","DERMATOLOGY",0.05,2020-10-01,"5%"
"933","DERMATOLOGY",0,2020-11-01,"0%"
"935","DERMATOLOGY",0,2020-12-01,"0%"
"941","DERMATOLOGY",0,2021-01-01,"0%"
"947","DERMATOLOGY",0,2021-02-01,"0%"
"181","DERMATOLOGY",0.14,2021-03-01,"14%"
"54","DERMATOLOGY",0.23,2021-04-01,"23%"
"685","DERMATOLOGY",0.05,2021-05-01,"5%"
"956","DERMATOLOGY",0,2021-06-01,"0%"
"260","DERMATOLOGY",0.12,2021-07-01,"12%"
"294","DERMATOLOGY",0.11,2021-08-01,"11%"
"187","DERMATOLOGY",0.14,2021-09-01,"14%"
"868","DERMATOLOGY",0.02,2021-10-01,"2%"
"970","DERMATOLOGY",0,2021-11-01,"0%"
"971","DERMATOLOGY",0,2021-12-01,"0%"
"910","DERMATOLOGY",0.01,2022-01-01,"1%"
"974","DERMATOLOGY",0,2022-02-01,"0%"
"978","DERMATOLOGY",0,2022-03-01,"0%"
"980","DERMATOLOGY",0,2022-04-01,"0%"
"717","FINANCIAL SERVICES",0.04,2020-01-01,"4%"
"644","FINANCIAL SERVICES",0.05,2020-02-01,"5%"
"798","FINANCIAL SERVICES",0.03,2020-03-01,"3%"
"799","FINANCIAL SERVICES",0.03,2020-04-01,"3%"
"723","FINANCIAL SERVICES",0.04,2020-05-01,"4%"
"726","FINANCIAL SERVICES",0.04,2020-06-01,"4%"
"569","FINANCIAL SERVICES",0.06,2020-07-01,"6%"
"653","FINANCIAL SERVICES",0.05,2020-08-01,"5%"
"735","FINANCIAL SERVICES",0.04,2020-09-01,"4%"
"739","FINANCIAL SERVICES",0.04,2020-10-01,"4%"
"810","FINANCIAL SERVICES",0.03,2020-11-01,"3%"
"86","FINANCIAL SERVICES",0.19,2020-12-01,"19%"
"669","FINANCIAL SERVICES",0.05,2021-01-01,"5%"
"589","FINANCIAL SERVICES",0.06,2021-02-01,"6%"
"524","FINANCIAL SERVICES",0.07,2021-03-01,"7%"
"463","FINANCIAL SERVICES",0.08,2021-04-01,"8%"
"765","FINANCIAL SERVICES",0.04,2021-05-01,"4%"
"289","FINANCIAL SERVICES",0.11,2021-06-01,"11%"
"339","FINANCIAL SERVICES",0.1,2021-07-01,"10%"
"217","FINANCIAL SERVICES",0.13,2021-08-01,"13%"
"867","FINANCIAL SERVICES",0.02,2021-09-01,"2%"
"906","FINANCIAL SERVICES",0.01,2021-10-01,"1%"
"969","FINANCIAL SERVICES",0,2021-11-01,"0%"
"305","FINANCIAL SERVICES",0.11,2021-12-01,"11%"
"873","FINANCIAL SERVICES",0.02,2022-01-01,"2%"
"356","FINANCIAL SERVICES",0.1,2022-02-01,"10%"
"552","FINANCIAL SERVICES",0.07,2022-03-01,"7%"
"228","FINANCIAL SERVICES",0.13,2022-04-01,"13%"
"880","HOUSE OFFICERS",0.01,2020-01-01,"1%"
"882","HOUSE OFFICERS",0.01,2020-02-01,"1%"
"883","HOUSE OFFICERS",0.01,2020-03-01,"1%"
"884","HOUSE OFFICERS",0.01,2020-04-01,"1%"
"885","HOUSE OFFICERS",0.01,2020-05-01,"1%"
"802","HOUSE OFFICERS",0.03,2020-06-01,"3%"
"924","HOUSE OFFICERS",0,2020-07-01,"0%"
"887","HOUSE OFFICERS",0.01,2020-08-01,"1%"
"890","HOUSE OFFICERS",0.01,2020-09-01,"1%"
"891","HOUSE OFFICERS",0.01,2020-10-01,"1%"
"931","HOUSE OFFICERS",0,2020-11-01,"0%"
"934","HOUSE OFFICERS",0,2020-12-01,"0%"
"936","HOUSE OFFICERS",0,2021-01-01,"0%"
"942","HOUSE OFFICERS",0,2021-02-01,"0%"
"948","HOUSE OFFICERS",0,2021-03-01,"0%"
"951","HOUSE OFFICERS",0,2021-04-01,"0%"
"898","HOUSE OFFICERS",0.01,2021-05-01,"1%"
"953","HOUSE OFFICERS",0,2021-06-01,"0%"
"900","HOUSE OFFICERS",0.01,2021-07-01,"1%"
"957","HOUSE OFFICERS",0,2021-08-01,"0%"
"959","HOUSE OFFICERS",0,2021-09-01,"0%"
"962","HOUSE OFFICERS",0,2021-10-01,"0%"
"965","HOUSE OFFICERS",0,2021-11-01,"0%"
"907","HOUSE OFFICERS",0.01,2021-12-01,"1%"
"909","HOUSE OFFICERS",0.01,2022-01-01,"1%"
"973","HOUSE OFFICERS",0,2022-02-01,"0%"
"975","HOUSE OFFICERS",0,2022-03-01,"0%"
"979","HOUSE OFFICERS",0,2022-04-01,"0%"
"311","LA FEED & BEDDING",0.1,2020-01-01,"10%"
"142","LA FEED & BEDDING",0.15,2020-02-01,"15%"
"64","LA FEED & BEDDING",0.21,2020-03-01,"21%"
"2110","LA FEED & BEDDING",0.41,2020-04-01,"41%"
"35","LA FEED & BEDDING",0.27,2020-05-01,"27%"
"76","LA FEED & BEDDING",0.2,2020-06-01,"20%"
"40","LA FEED & BEDDING",0.26,2020-07-01,"26%"
"83","LA FEED & BEDDING",0.19,2020-08-01,"19%"
"383","LA FEED & BEDDING",0.09,2020-09-01,"9%"
"323","LA FEED & BEDDING",0.1,2020-10-01,"10%"
"210","LA FEED & BEDDING",0.13,2020-11-01,"13%"
"151","LA FEED & BEDDING",0.15,2020-12-01,"15%"
"152","LA FEED & BEDDING",0.15,2021-01-01,"15%"
"397","LA FEED & BEDDING",0.09,2021-02-01,"9%"
"87","LA FEED & BEDDING",0.19,2021-03-01,"19%"
"68","LA FEED & BEDDING",0.21,2021-04-01,"21%"
"117","LA FEED & BEDDING",0.17,2021-05-01,"17%"
"287","LA FEED & BEDDING",0.11,2021-06-01,"11%"
"258","LA FEED & BEDDING",0.12,2021-07-01,"12%"
"602","LA FEED & BEDDING",0.06,2021-08-01,"6%"
"157","LA FEED & BEDDING",0.15,2021-09-01,"15%"
"342","LA FEED & BEDDING",0.1,2021-10-01,"10%"
"160","LA FEED & BEDDING",0.15,2021-11-01,"15%"
"190","LA FEED & BEDDING",0.14,2021-12-01,"14%"
"224","LA FEED & BEDDING",0.13,2022-01-01,"13%"
"486","LA FEED & BEDDING",0.08,2022-02-01,"8%"
"358","LA FEED & BEDDING",0.1,2022-03-01,"10%"
"361","LA FEED & BEDDING",0.1,2022-04-01,"10%"
"494","LAM - EQUINE",0.07,2020-01-01,"7%"
"435","LAM - EQUINE",0.08,2020-02-01,"8%"
"167","LAM - EQUINE",0.14,2020-03-01,"14%"
"52","LAM - EQUINE",0.23,2020-04-01,"23%"
"499","LAM - EQUINE",0.07,2020-05-01,"7%"
"566","LAM - EQUINE",0.06,2020-06-01,"6%"
"376","LAM - EQUINE",0.09,2020-07-01,"9%"
"572","LAM - EQUINE",0.06,2020-08-01,"6%"
"575","LAM - EQUINE",0.06,2020-09-01,"6%"
"578","LAM - EQUINE",0.06,2020-10-01,"6%"
"511","LAM - EQUINE",0.07,2020-11-01,"7%"
"582","LAM - EQUINE",0.06,2020-12-01,"6%"
"747","LAM - EQUINE",0.04,2021-01-01,"4%"
"588","LAM - EQUINE",0.06,2021-02-01,"6%"
"674","LAM - EQUINE",0.05,2021-03-01,"5%"
"527","LAM - EQUINE",0.07,2021-04-01,"7%"
"597","LAM - EQUINE",0.06,2021-05-01,"6%"
"530","LAM - EQUINE",0.07,2021-06-01,"7%"
"466","LAM - EQUINE",0.08,2021-07-01,"8%"
"693","LAM - EQUINE",0.05,2021-08-01,"5%"
"609","LAM - EQUINE",0.06,2021-09-01,"6%"
"699","LAM - EQUINE",0.05,2021-10-01,"5%"
"828","LAM - EQUINE",0.03,2021-11-01,"3%"
"544","LAM - EQUINE",0.07,2021-12-01,"7%"
"419","LAM - EQUINE",0.09,2022-01-01,"9%"
"355","LAM - EQUINE",0.1,2022-02-01,"10%"
"786","LAM - EQUINE",0.04,2022-03-01,"4%"
"555","LAM - EQUINE",0.07,2022-04-01,"7%"
"363","LIVESTOCK",0.09,2020-01-01,"9%"
"639","LIVESTOCK",0.05,2020-02-01,"5%"
"195","LIVESTOCK",0.13,2020-03-01,"13%"
"93","LIVESTOCK",0.18,2020-04-01,"18%"
"314","LIVESTOCK",0.1,2020-05-01,"10%"
"801","LIVESTOCK",0.03,2020-06-01,"3%"
"374","LIVESTOCK",0.09,2020-07-01,"9%"
"570","LIVESTOCK",0.06,2020-08-01,"6%"
"849","LIVESTOCK",0.02,2020-09-01,"2%"
"576","LIVESTOCK",0.06,2020-10-01,"6%"
"325","LIVESTOCK",0.1,2020-11-01,"10%"
"388","LIVESTOCK",0.09,2020-12-01,"9%"
"584","LIVESTOCK",0.06,2021-01-01,"6%"
"516","LIVESTOCK",0.07,2021-02-01,"7%"
"856","LIVESTOCK",0.02,2021-03-01,"2%"
"400","LIVESTOCK",0.09,2021-04-01,"9%"
"334","LIVESTOCK",0.1,2021-05-01,"10%"
"212","LIVESTOCK",0.13,2021-06-01,"13%"
"256","LIVESTOCK",0.12,2021-07-01,"12%"
"340","LIVESTOCK",0.1,2021-08-01,"10%"
"536","LIVESTOCK",0.07,2021-09-01,"7%"
"697","LIVESTOCK",0.05,2021-10-01,"5%"
"220","LIVESTOCK",0.13,2021-11-01,"13%"
"416","LIVESTOCK",0.09,2021-12-01,"9%"
"779","LIVESTOCK",0.04,2022-01-01,"4%"
"626","LIVESTOCK",0.06,2022-02-01,"6%"
"138","LIVESTOCK",0.16,2022-03-01,"16%"
"788","LIVESTOCK",0.04,2022-04-01,"4%"
"364","NEURO",0.09,2020-01-01,"9%"
"640","NEURO",0.05,2020-02-01,"5%"
"90","NEURO",0.18,2020-03-01,"18%"
"2710","NEURO",0.33,2020-04-01,"33%"
"75","NEURO",0.2,2020-05-01,"20%"
"197","NEURO",0.13,2020-06-01,"13%"
"504","NEURO",0.07,2020-07-01,"7%"
"204","NEURO",0.13,2020-08-01,"13%"
"444","NEURO",0.08,2020-09-01,"8%"
"577","NEURO",0.06,2020-10-01,"6%"
"579","NEURO",0.06,2020-11-01,"6%"
"129","NEURO",0.16,2020-12-01,"16%"
"854","NEURO",0.02,2021-01-01,"2%"
"457","NEURO",0.08,2021-02-01,"8%"
"591","NEURO",0.06,2021-03-01,"6%"
"253","NEURO",0.12,2021-04-01,"12%"
"680","NEURO",0.05,2021-05-01,"5%"
"529","NEURO",0.07,2021-06-01,"7%"
"531","NEURO",0.07,2021-07-01,"7%"
"533","NEURO",0.07,2021-08-01,"7%"
"537","NEURO",0.07,2021-09-01,"7%"
"300","NEURO",0.11,2021-10-01,"11%"
"540","NEURO",0.07,2021-11-01,"7%"
"162","NEURO",0.15,2021-12-01,"15%"
"418","NEURO",0.09,2022-01-01,"9%"
"420","NEURO",0.09,2022-02-01,"9%"
"357","NEURO",0.1,2022-03-01,"10%"
"489","NEURO",0.08,2022-04-01,"8%"
"636","NUTRITION",0.05,2020-01-01,"5%"
"720","NUTRITION",0.04,2020-02-01,"4%"
"842","NUTRITION",0.02,2020-03-01,"2%"
"917","NUTRITION",0,2020-04-01,"0%"
"886","NUTRITION",0.01,2020-05-01,"1%"
"921","NUTRITION",0,2020-06-01,"0%"
"275","NUTRITION",0.11,2020-07-01,"11%"
"925","NUTRITION",0,2020-08-01,"0%"
"928","NUTRITION",0,2020-09-01,"0%"
"929","NUTRITION",0,2020-10-01,"0%"
"661","NUTRITION",0.05,2020-11-01,"5%"
"454","NUTRITION",0.08,2020-12-01,"8%"
"938","NUTRITION",0,2021-01-01,"0%"
"944","NUTRITION",0,2021-02-01,"0%"
"756","NUTRITION",0.04,2021-03-01,"4%"
"329","NUTRITION",0.1,2021-04-01,"10%"
"403","NUTRITION",0.09,2021-05-01,"9%"
"337","NUTRITION",0.1,2021-06-01,"10%"
"769","NUTRITION",0.04,2021-07-01,"4%"
"958","NUTRITION",0,2021-08-01,"0%"
"960","NUTRITION",0,2021-09-01,"0%"
"963","NUTRITION",0,2021-10-01,"0%"
"968","NUTRITION",0,2021-11-01,"0%"
"542","NUTRITION",0.07,2021-12-01,"7%"
"972","NUTRITION",0,2022-01-01,"0%"
"783","NUTRITION",0.04,2022-02-01,"4%"
"878","NUTRITION",0.02,2022-03-01,"2%"
"360","NUTRITION",0.1,2022-04-01,"10%"
"365","ONCOLOGIES",0.09,2020-01-01,"9%"
"558","ONCOLOGIES",0.06,2020-02-01,"6%"
"269","ONCOLOGIES",0.11,2020-03-01,"11%"
"47","ONCOLOGIES",0.24,2020-04-01,"24%"
"273","ONCOLOGIES",0.11,2020-05-01,"11%"
"648","ONCOLOGIES",0.05,2020-06-01,"5%"
"235","ONCOLOGIES",0.12,2020-07-01,"12%"
"377","ONCOLOGIES",0.09,2020-08-01,"9%"
"317","ONCOLOGIES",0.1,2020-09-01,"10%"
"448","ONCOLOGIES",0.08,2020-10-01,"8%"
"451","ONCOLOGIES",0.08,2020-11-01,"8%"
"663","ONCOLOGIES",0.05,2020-12-01,"5%"
"746","ONCOLOGIES",0.04,2021-01-01,"4%"
"813","ONCOLOGIES",0.03,2021-02-01,"3%"
"757","ONCOLOGIES",0.04,2021-03-01,"4%"
"818","ONCOLOGIES",0.03,2021-04-01,"3%"
"681","ONCOLOGIES",0.05,2021-05-01,"5%"
"686","ONCOLOGIES",0.05,2021-06-01,"5%"
"687","ONCOLOGIES",0.05,2021-07-01,"5%"
"770","ONCOLOGIES",0.04,2021-08-01,"4%"
"694","ONCOLOGIES",0.05,2021-09-01,"5%"
"612","ONCOLOGIES",0.06,2021-10-01,"6%"
"777","ONCOLOGIES",0.04,2021-11-01,"4%"
"348","ONCOLOGIES",0.1,2021-12-01,"10%"
"706","ONCOLOGIES",0.05,2022-01-01,"5%"
"875","ONCOLOGIES",0.02,2022-02-01,"2%"
"712","ONCOLOGIES",0.05,2022-03-01,"5%"
"490","ONCOLOGIES",0.08,2022-04-01,"8%"
"792","OPHTHALMOLOGY",0.03,2020-01-01,"3%"
"840","OPHTHALMOLOGY",0.02,2020-02-01,"2%"
"110","OPHTHALMOLOGY",0.17,2020-03-01,"17%"
"43","OPHTHALMOLOGY",0.25,2020-04-01,"25%"
"371","OPHTHALMOLOGY",0.09,2020-05-01,"9%"
"724","OPHTHALMOLOGY",0.04,2020-06-01,"4%"
"804","OPHTHALMOLOGY",0.03,2020-07-01,"3%"
"888","OPHTHALMOLOGY",0.01,2020-08-01,"1%"
"445","OPHTHALMOLOGY",0.08,2020-09-01,"8%"
"892","OPHTHALMOLOGY",0.01,2020-10-01,"1%"
"894","OPHTHALMOLOGY",0.01,2020-11-01,"1%"
"742","OPHTHALMOLOGY",0.04,2020-12-01,"4%"
"939","OPHTHALMOLOGY",0,2021-01-01,"0%"
"896","OPHTHALMOLOGY",0.01,2021-02-01,"1%"
"758","OPHTHALMOLOGY",0.04,2021-03-01,"4%"
"858","OPHTHALMOLOGY",0.02,2021-04-01,"2%"
"682","OPHTHALMOLOGY",0.05,2021-05-01,"5%"
"859","OPHTHALMOLOGY",0.02,2021-06-01,"2%"
"41","OPHTHALMOLOGY",0.26,2021-07-01,"26%"
"70","OPHTHALMOLOGY",0.21,2021-08-01,"21%"
"472","OPHTHALMOLOGY",0.08,2021-09-01,"8%"
"964","OPHTHALMOLOGY",0,2021-10-01,"0%"
"221","OPHTHALMOLOGY",0.13,2021-11-01,"13%"
"417","OPHTHALMOLOGY",0.09,2021-12-01,"9%"
"62","OPHTHALMOLOGY",0.22,2022-01-01,"22%"
"307","OPHTHALMOLOGY",0.11,2022-02-01,"11%"
"425","OPHTHALMOLOGY",0.09,2022-03-01,"9%"
"139","OPHTHALMOLOGY",0.16,2022-04-01,"16%"
"229","ORTHOPEDIC SURGERY",0.12,2020-01-01,"12%"
"166","ORTHOPEDIC SURGERY",0.14,2020-02-01,"14%"
"46","ORTHOPEDIC SURGERY",0.24,2020-03-01,"24%"
"2010","ORTHOPEDIC SURGERY",0.41,2020-04-01,"41%"
"196","ORTHOPEDIC SURGERY",0.13,2020-05-01,"13%"
"803","ORTHOPEDIC SURGERY",0.03,2020-06-01,"3%"
"201","ORTHOPEDIC SURGERY",0.13,2020-07-01,"13%"
"728","ORTHOPEDIC SURGERY",0.04,2020-08-01,"4%"
"382","ORTHOPEDIC SURGERY",0.09,2020-09-01,"9%"
"737","ORTHOPEDIC SURGERY",0.04,2020-10-01,"4%"
"452","ORTHOPEDIC SURGERY",0.08,2020-11-01,"8%"
"130","ORTHOPEDIC SURGERY",0.16,2020-12-01,"16%"
"393","ORTHOPEDIC SURGERY",0.09,2021-01-01,"9%"
"517","ORTHOPEDIC SURGERY",0.07,2021-02-01,"7%"
"521","ORTHOPEDIC SURGERY",0.07,2021-03-01,"7%"
"761","ORTHOPEDIC SURGERY",0.04,2021-04-01,"4%"
"211","ORTHOPEDIC SURGERY",0.13,2021-05-01,"13%"
"37","ORTHOPEDIC SURGERY",0.27,2021-06-01,"27%"
"118","ORTHOPEDIC SURGERY",0.17,2021-07-01,"17%"
"155","ORTHOPEDIC SURGERY",0.15,2021-08-01,"15%"
"156","ORTHOPEDIC SURGERY",0.15,2021-09-01,"15%"
"218","ORTHOPEDIC SURGERY",0.13,2021-10-01,"13%"
"303","ORTHOPEDIC SURGERY",0.11,2021-11-01,"11%"
"477","ORTHOPEDIC SURGERY",0.08,2021-12-01,"8%"
"481","ORTHOPEDIC SURGERY",0.08,2022-01-01,"8%"
"547","ORTHOPEDIC SURGERY",0.07,2022-02-01,"7%"
"714","ORTHOPEDIC SURGERY",0.05,2022-03-01,"5%"
"835","ORTHOPEDIC SURGERY",0.03,2022-04-01,"3%"
"495","PATHOLOGY",0.07,2020-01-01,"7%"
"643","PATHOLOGY",0.05,2020-02-01,"5%"
"645","PATHOLOGY",0.05,2020-03-01,"5%"
"123","PATHOLOGY",0.16,2020-04-01,"16%"
"646","PATHOLOGY",0.05,2020-05-01,"5%"
"567","PATHOLOGY",0.06,2020-06-01,"6%"
"727","PATHOLOGY",0.04,2020-07-01,"4%"
"729","PATHOLOGY",0.04,2020-08-01,"4%"
"734","PATHOLOGY",0.04,2020-09-01,"4%"
"658","PATHOLOGY",0.05,2020-10-01,"5%"
"740","PATHOLOGY",0.04,2020-11-01,"4%"
"513","PATHOLOGY",0.07,2020-12-01,"7%"
"748","PATHOLOGY",0.04,2021-01-01,"4%"
"672","PATHOLOGY",0.05,2021-02-01,"5%"
"284","PATHOLOGY",0.11,2021-03-01,"11%"
"332","PATHOLOGY",0.1,2021-04-01,"10%"
"598","PATHOLOGY",0.06,2021-05-01,"6%"
"823","PATHOLOGY",0.03,2021-06-01,"3%"
"467","PATHOLOGY",0.08,2021-07-01,"8%"
"826","PATHOLOGY",0.03,2021-08-01,"3%"
"610","PATHOLOGY",0.06,2021-09-01,"6%"
"776","PATHOLOGY",0.04,2021-10-01,"4%"
"701","PATHOLOGY",0.05,2021-11-01,"5%"
"621","PATHOLOGY",0.06,2021-12-01,"6%"
"831","PATHOLOGY",0.03,2022-01-01,"3%"
"630","PATHOLOGY",0.06,2022-02-01,"6%"
"879","PATHOLOGY",0.02,2022-03-01,"2%"
"913","PATHOLOGY",0.01,2022-04-01,"1%"
"794","PERSONNEL/PAYROLL",0.03,2020-01-01,"3%"
"915","PERSONNEL/PAYROLL",0,2020-02-01,"0%"
"843","PERSONNEL/PAYROLL",0.02,2020-03-01,"2%"
"918","PERSONNEL/PAYROLL",0,2020-04-01,"0%"
"647","PERSONNEL/PAYROLL",0.05,2020-05-01,"5%"
"922","PERSONNEL/PAYROLL",0,2020-06-01,"0%"
"66","PERSONNEL/PAYROLL",0.21,2020-07-01,"21%"
"573","PERSONNEL/PAYROLL",0.06,2020-08-01,"6%"
"656","PERSONNEL/PAYROLL",0.05,2020-09-01,"5%"
"893","PERSONNEL/PAYROLL",0.01,2020-10-01,"1%"
"277","PERSONNEL/PAYROLL",0.11,2020-11-01,"11%"
"50","PERSONNEL/PAYROLL",0.24,2020-12-01,"24%"
"750","PERSONNEL/PAYROLL",0.04,2021-01-01,"4%"
"755","PERSONNEL/PAYROLL",0.04,2021-02-01,"4%"
"950","PERSONNEL/PAYROLL",0,2021-03-01,"0%"
"679","PERSONNEL/PAYROLL",0.05,2021-04-01,"5%"
"183","PERSONNEL/PAYROLL",0.14,2021-05-01,"14%"
"824","PERSONNEL/PAYROLL",0.03,2021-06-01,"3%"
"215","PERSONNEL/PAYROLL",0.13,2021-07-01,"13%"
"470","PERSONNEL/PAYROLL",0.08,2021-08-01,"8%"
"298","PERSONNEL/PAYROLL",0.11,2021-09-01,"11%"
"344","PERSONNEL/PAYROLL",0.1,2021-10-01,"10%"
"346","PERSONNEL/PAYROLL",0.1,2021-11-01,"10%"
"51","PERSONNEL/PAYROLL",0.24,2021-12-01,"24%"
"625","PERSONNEL/PAYROLL",0.06,2022-01-01,"6%"
"549","PERSONNEL/PAYROLL",0.07,2022-02-01,"7%"
"977","PERSONNEL/PAYROLL",0,2022-03-01,"0%"
"790","PERSONNEL/PAYROLL",0.04,2022-04-01,"4%"
"267","PHARMACY",0.11,2020-01-01,"11%"
"797","PHARMACY",0.03,2020-02-01,"3%"
"272","PHARMACY",0.11,2020-03-01,"11%"
"82","PHARMACY",0.19,2020-04-01,"19%"
"438","PHARMACY",0.08,2020-05-01,"8%"
"200","PHARMACY",0.13,2020-06-01,"13%"
"174","PHARMACY",0.14,2020-07-01,"14%"
"731","PHARMACY",0.04,2020-08-01,"4%"
"655","PHARMACY",0.05,2020-09-01,"5%"
"386","PHARMACY",0.09,2020-10-01,"9%"
"276","PHARMACY",0.11,2020-11-01,"11%"
"514","PHARMACY",0.07,2020-12-01,"7%"
"749","PHARMACY",0.04,2021-01-01,"4%"
"754","PHARMACY",0.04,2021-02-01,"4%"
"523","PHARMACY",0.07,2021-03-01,"7%"
"678","PHARMACY",0.05,2021-04-01,"5%"
"599","PHARMACY",0.06,2021-05-01,"6%"
"406","PHARMACY",0.09,2021-06-01,"9%"
"291","PHARMACY",0.11,2021-07-01,"11%"
"71","PHARMACY",0.21,2021-08-01,"21%"
"696","PHARMACY",0.05,2021-09-01,"5%"
"700","PHARMACY",0.05,2021-10-01,"5%"
"541","PHARMACY",0.07,2021-11-01,"7%"
"545","PHARMACY",0.07,2021-12-01,"7%"
"353","PHARMACY",0.1,2022-01-01,"10%"
"710","PHARMACY",0.05,2022-02-01,"5%"
"488","PHARMACY",0.08,2022-03-01,"8%"
"634","PHARMACY",0.06,2022-04-01,"6%"
"312","RADIOLOGY",0.1,2020-01-01,"10%"
"436","RADIOLOGY",0.08,2020-02-01,"8%"
"74","RADIOLOGY",0.2,2020-03-01,"20%"
"44","RADIOLOGY",0.25,2020-04-01,"25%"
"372","RADIOLOGY",0.09,2020-05-01,"9%"
"649","RADIOLOGY",0.05,2020-06-01,"5%"
"568","RADIOLOGY",0.06,2020-07-01,"6%"
"730","RADIOLOGY",0.04,2020-08-01,"4%"
"807","RADIOLOGY",0.03,2020-09-01,"3%"
"449","RADIOLOGY",0.08,2020-10-01,"8%"
"741","RADIOLOGY",0.04,2020-11-01,"4%"
"744","RADIOLOGY",0.04,2020-12-01,"4%"
"667","RADIOLOGY",0.05,2021-01-01,"5%"
"328","RADIOLOGY",0.1,2021-02-01,"10%"
"675","RADIOLOGY",0.05,2021-03-01,"5%"
"462","RADIOLOGY",0.08,2021-04-01,"8%"
"286","RADIOLOGY",0.11,2021-05-01,"11%"
"288","RADIOLOGY",0.11,2021-06-01,"11%"
"259","RADIOLOGY",0.12,2021-07-01,"12%"
"603","RADIOLOGY",0.06,2021-08-01,"6%"
"137","RADIOLOGY",0.16,2021-09-01,"16%"
"119","RADIOLOGY",0.17,2021-10-01,"17%"
"476","RADIOLOGY",0.08,2021-11-01,"8%"
"622","RADIOLOGY",0.06,2021-12-01,"6%"
"108","RADIOLOGY",0.18,2022-01-01,"18%"
"422","RADIOLOGY",0.09,2022-02-01,"9%"
"633","RADIOLOGY",0.06,2022-03-01,"6%"
"430","RADIOLOGY",0.09,2022-04-01,"9%"
"838","SA CARDIOLOGY",0.02,2020-01-01,"2%"
"718","SA CARDIOLOGY",0.04,2020-02-01,"4%"
"121","SA CARDIOLOGY",0.16,2020-03-01,"16%"
"42","SA CARDIOLOGY",0.25,2020-04-01,"25%"
"169","SA CARDIOLOGY",0.14,2020-05-01,"14%"
"500","SA CARDIOLOGY",0.07,2020-06-01,"7%"
"503","SA CARDIOLOGY",0.07,2020-07-01,"7%"
"146","SA CARDIOLOGY",0.15,2020-08-01,"15%"
"381","SA CARDIOLOGY",0.09,2020-09-01,"9%"
"446","SA CARDIOLOGY",0.08,2020-10-01,"8%"
"660","SA CARDIOLOGY",0.05,2020-11-01,"5%"
"128","SA CARDIOLOGY",0.16,2020-12-01,"16%"
"665","SA CARDIOLOGY",0.05,2021-01-01,"5%"
"587","SA CARDIOLOGY",0.06,2021-02-01,"6%"
"520","SA CARDIOLOGY",0.07,2021-03-01,"7%"
"252","SA CARDIOLOGY",0.12,2021-04-01,"12%"
"80","SA CARDIOLOGY",0.2,2021-05-01,"20%"
"600","SA CARDIOLOGY",0.06,2021-06-01,"6%"
"860","SA CARDIOLOGY",0.02,2021-07-01,"2%"
"864","SA CARDIOLOGY",0.02,2021-08-01,"2%"
"903","SA CARDIOLOGY",0.01,2021-09-01,"1%"
"698","SA CARDIOLOGY",0.05,2021-10-01,"5%"
"615","SA CARDIOLOGY",0.06,2021-11-01,"6%"
"264","SA CARDIOLOGY",0.12,2021-12-01,"12%"
"191","SA CARDIOLOGY",0.14,2022-01-01,"14%"
"225","SA CARDIOLOGY",0.13,2022-02-01,"13%"
"631","SA CARDIOLOGY",0.06,2022-03-01,"6%"
"427","SA CARDIOLOGY",0.09,2022-04-01,"9%"
"793","SA COMMUNITY SERVICE",0.03,2020-01-01,"3%"
"434","SA COMMUNITY SERVICE",0.08,2020-02-01,"8%"
"270","SA COMMUNITY SERVICE",0.11,2020-03-01,"11%"
"38","SA COMMUNITY SERVICE",0.26,2020-04-01,"26%"
"170","SA COMMUNITY SERVICE",0.14,2020-05-01,"14%"
"501","SA COMMUNITY SERVICE",0.07,2020-06-01,"7%"
"505","SA COMMUNITY SERVICE",0.07,2020-07-01,"7%"
"442","SA COMMUNITY SERVICE",0.08,2020-08-01,"8%"
"574","SA COMMUNITY SERVICE",0.06,2020-09-01,"6%"
"736","SA COMMUNITY SERVICE",0.04,2020-10-01,"4%"
"387","SA COMMUNITY SERVICE",0.09,2020-11-01,"9%"
"278","SA COMMUNITY SERVICE",0.11,2020-12-01,"11%"
"666","SA COMMUNITY SERVICE",0.05,2021-01-01,"5%"
"753","SA COMMUNITY SERVICE",0.04,2021-02-01,"4%"
"816","SA COMMUNITY SERVICE",0.03,2021-03-01,"3%"
"526","SA COMMUNITY SERVICE",0.07,2021-04-01,"7%"
"764","SA COMMUNITY SERVICE",0.04,2021-05-01,"4%"
"821","SA COMMUNITY SERVICE",0.03,2021-06-01,"3%"
"901","SA COMMUNITY SERVICE",0.01,2021-07-01,"1%"
"469","SA COMMUNITY SERVICE",0.08,2021-08-01,"8%"
"606","SA COMMUNITY SERVICE",0.06,2021-09-01,"6%"
"904","SA COMMUNITY SERVICE",0.01,2021-10-01,"1%"
"870","SA COMMUNITY SERVICE",0.02,2021-11-01,"2%"
"619","SA COMMUNITY SERVICE",0.06,2021-12-01,"6%"
"780","SA COMMUNITY SERVICE",0.04,2022-01-01,"4%"
"832","SA COMMUNITY SERVICE",0.03,2022-02-01,"3%"
"784","SA COMMUNITY SERVICE",0.04,2022-03-01,"4%"
"140","SA COMMUNITY SERVICE",0.16,2022-04-01,"16%"
"635","SA ICU",0.05,2020-01-01,"5%"
"719","SA ICU",0.04,2020-02-01,"4%"
"437","SA ICU",0.08,2020-03-01,"8%"
"122","SA ICU",0.16,2020-04-01,"16%"
"232","SA ICU",0.12,2020-05-01,"12%"
"274","SA ICU",0.11,2020-06-01,"11%"
"375","SA ICU",0.09,2020-07-01,"9%"
"507","SA ICU",0.07,2020-08-01,"7%"
"443","SA ICU",0.08,2020-09-01,"8%"
"447","SA ICU",0.08,2020-10-01,"8%"
"450","SA ICU",0.08,2020-11-01,"8%"
"389","SA ICU",0.09,2020-12-01,"9%"
"392","SA ICU",0.09,2021-01-01,"9%"
"395","SA ICU",0.09,2021-02-01,"9%"
"250","SA ICU",0.12,2021-03-01,"12%"
"525","SA ICU",0.07,2021-04-01,"7%"
"335","SA ICU",0.1,2021-05-01,"10%"
"255","SA ICU",0.12,2021-06-01,"12%"
"290","SA ICU",0.11,2021-07-01,"11%"
"261","SA ICU",0.12,2021-08-01,"12%"
"471","SA ICU",0.08,2021-09-01,"8%"
"411","SA ICU",0.09,2021-10-01,"9%"
"616","SA ICU",0.06,2021-11-01,"6%"
"704","SA ICU",0.05,2021-12-01,"5%"
"479","SA ICU",0.08,2022-01-01,"8%"
"627","SA ICU",0.06,2022-02-01,"6%"
"711","SA ICU",0.05,2022-03-01,"5%"
"428","SA ICU",0.09,2022-04-01,"9%"
"433","SA INTEGRATIVE MEDICINE",0.08,2020-01-01,"8%"
"641","SA INTEGRATIVE MEDICINE",0.05,2020-02-01,"5%"
"34","SA INTEGRATIVE MEDICINE",0.27,2020-03-01,"27%"
"981","SA INTEGRATIVE MEDICINE",0.52,2020-04-01,"52%"
"919","SA INTEGRATIVE MEDICINE",0,2020-05-01,"0%"
"373","SA INTEGRATIVE MEDICINE",0.09,2020-06-01,"9%"
"96","SA INTEGRATIVE MEDICINE",0.18,2020-07-01,"18%"
"77","SA INTEGRATIVE MEDICINE",0.2,2020-08-01,"20%"
"147","SA INTEGRATIVE MEDICINE",0.15,2020-09-01,"15%"
"78","SA INTEGRATIVE MEDICINE",0.2,2020-10-01,"20%"
"662","SA INTEGRATIVE MEDICINE",0.05,2020-11-01,"5%"
"581","SA INTEGRATIVE MEDICINE",0.06,2020-12-01,"6%"
"940","SA INTEGRATIVE MEDICINE",0,2021-01-01,"0%"
"855","SA INTEGRATIVE MEDICINE",0.02,2021-02-01,"2%"
"815","SA INTEGRATIVE MEDICINE",0.03,2021-03-01,"3%"
"676","SA INTEGRATIVE MEDICINE",0.05,2021-04-01,"5%"
"683","SA INTEGRATIVE MEDICINE",0.05,2021-05-01,"5%"
"899","SA INTEGRATIVE MEDICINE",0.01,2021-06-01,"1%"
"862","SA INTEGRATIVE MEDICINE",0.02,2021-07-01,"2%"
"865","SA INTEGRATIVE MEDICINE",0.02,2021-08-01,"2%"
"295","SA INTEGRATIVE MEDICINE",0.11,2021-09-01,"11%"
"775","SA INTEGRATIVE MEDICINE",0.04,2021-10-01,"4%"
"869","SA INTEGRATIVE MEDICINE",0.02,2021-11-01,"2%"
"830","SA INTEGRATIVE MEDICINE",0.03,2021-12-01,"3%"
"480","SA INTEGRATIVE MEDICINE",0.08,2022-01-01,"8%"
"709","SA INTEGRATIVE MEDICINE",0.05,2022-02-01,"5%"
"713","SA INTEGRATIVE MEDICINE",0.05,2022-03-01,"5%"
"912","SA INTEGRATIVE MEDICINE",0.01,2022-04-01,"1%"
"791","SA MEDICINE",0.03,2020-01-01,"3%"
"557","SA MEDICINE",0.06,2020-02-01,"6%"
"268","SA MEDICINE",0.11,2020-03-01,"11%"
"65","SA MEDICINE",0.21,2020-04-01,"21%"
"144","SA MEDICINE",0.15,2020-05-01,"15%"
"439","SA MEDICINE",0.08,2020-06-01,"8%"
"126","SA MEDICINE",0.16,2020-07-01,"16%"
"237","SA MEDICINE",0.12,2020-08-01,"12%"
"654","SA MEDICINE",0.05,2020-09-01,"5%"
"321","SA MEDICINE",0.1,2020-10-01,"10%"
"324","SA MEDICINE",0.1,2020-11-01,"10%"
"512","SA MEDICINE",0.07,2020-12-01,"7%"
"583","SA MEDICINE",0.06,2021-01-01,"6%"
"586","SA MEDICINE",0.06,2021-02-01,"6%"
"590","SA MEDICINE",0.06,2021-03-01,"6%"
"760","SA MEDICINE",0.04,2021-04-01,"4%"
"595","SA MEDICINE",0.06,2021-05-01,"6%"
"464","SA MEDICINE",0.08,2021-06-01,"8%"
"768","SA MEDICINE",0.04,2021-07-01,"4%"
"468","SA MEDICINE",0.08,2021-08-01,"8%"
"605","SA MEDICINE",0.06,2021-09-01,"6%"
"341","SA MEDICINE",0.1,2021-10-01,"10%"
"301","SA MEDICINE",0.11,2021-11-01,"11%"
"189","SA MEDICINE",0.14,2021-12-01,"14%"
"623","SA MEDICINE",0.06,2022-01-01,"6%"
"782","SA MEDICINE",0.04,2022-02-01,"4%"
"226","SA MEDICINE",0.13,2022-03-01,"13%"
"165","SA MEDICINE",0.15,2022-04-01,"15%"
"839","SA SURGERY",0.02,2020-01-01,"2%"
"795","SA SURGERY",0.03,2020-02-01,"3%"
"271","SA SURGERY",0.11,2020-03-01,"11%"
"230","SA SURGERY",0.12,2020-04-01,"12%"
"722","SA SURGERY",0.04,2020-05-01,"4%"
"846","SA SURGERY",0.02,2020-06-01,"2%"
"651","SA SURGERY",0.05,2020-07-01,"5%"
"848","SA SURGERY",0.02,2020-08-01,"2%"
"806","SA SURGERY",0.03,2020-09-01,"3%"
"853","SA SURGERY",0.02,2020-10-01,"2%"
"510","SA SURGERY",0.07,2020-11-01,"7%"
"390","SA SURGERY",0.09,2020-12-01,"9%"
"585","SA SURGERY",0.06,2021-01-01,"6%"
"518","SA SURGERY",0.07,2021-02-01,"7%"
"458","SA SURGERY",0.08,2021-03-01,"8%"
"593","SA SURGERY",0.06,2021-04-01,"6%"
"684","SA SURGERY",0.05,2021-05-01,"5%"
"822","SA SURGERY",0.03,2021-06-01,"3%"
"689","SA SURGERY",0.05,2021-07-01,"5%"
"825","SA SURGERY",0.03,2021-08-01,"3%"
"695","SA SURGERY",0.05,2021-09-01,"5%"
"614","SA SURGERY",0.06,2021-10-01,"6%"
"778","SA SURGERY",0.04,2021-11-01,"4%"
"872","SA SURGERY",0.02,2021-12-01,"2%"
"546","SA SURGERY",0.07,2022-01-01,"7%"
"833","SA SURGERY",0.03,2022-02-01,"3%"
"785","SA SURGERY",0.04,2022-03-01,"4%"
"836","SA SURGERY",0.03,2022-04-01,"3%"
"637","SA SX SUPPORT",0.05,2020-01-01,"5%"
"721","SA SX SUPPORT",0.04,2020-02-01,"4%"
"73","SA SX SUPPORT",0.2,2020-03-01,"20%"
"1310","SA SX SUPPORT",0.46,2020-04-01,"46%"
"172","SA SX SUPPORT",0.14,2020-05-01,"14%"
"725","SA SX SUPPORT",0.04,2020-06-01,"4%"
"315","SA SX SUPPORT",0.1,2020-07-01,"10%"
"206","SA SX SUPPORT",0.13,2020-08-01,"13%"
"319","SA SX SUPPORT",0.1,2020-09-01,"10%"
"508","SA SX SUPPORT",0.07,2020-10-01,"7%"
"453","SA SX SUPPORT",0.08,2020-11-01,"8%"
"743","SA SX SUPPORT",0.04,2020-12-01,"4%"
"515","SA SX SUPPORT",0.07,2021-01-01,"7%"
"248","SA SX SUPPORT",0.12,2021-02-01,"12%"
"179","SA SX SUPPORT",0.14,2021-03-01,"14%"
"79","SA SX SUPPORT",0.2,2021-04-01,"20%"
"116","SA SX SUPPORT",0.17,2021-05-01,"17%"
"134","SA SX SUPPORT",0.16,2021-06-01,"16%"
"601","SA SX SUPPORT",0.06,2021-07-01,"6%"
"216","SA SX SUPPORT",0.13,2021-08-01,"13%"
"608","SA SX SUPPORT",0.06,2021-09-01,"6%"
"473","SA SX SUPPORT",0.08,2021-10-01,"8%"
"827","SA SX SUPPORT",0.03,2021-11-01,"3%"
"350","SA SX SUPPORT",0.1,2021-12-01,"10%"
"707","SA SX SUPPORT",0.05,2022-01-01,"5%"
"81","SA SX SUPPORT",0.2,2022-02-01,"20%"
"72","SA SX SUPPORT",0.21,2022-03-01,"21%"
"429","SA SX SUPPORT",0.09,2022-04-01,"9%"
"2100","SA ULTRASOUND",1.05,2020-01-01,"105%"
"4100","SA ULTRASOUND",1,2020-02-01,"100%"
"1100","SA ULTRASOUND",1.14,2020-03-01,"114%"
"3100","SA ULTRASOUND",1.05,2020-04-01,"105%"
"5100","SA ULTRASOUND",1,2020-05-01,"100%"
"125","SA ULTRASOUND",0.16,2020-06-01,"16%"
"97","SA ULTRASOUND",0.18,2020-07-01,"18%"
"238","SA ULTRASOUND",0.12,2020-08-01,"12%"
"85","SA ULTRASOUND",0.19,2020-09-01,"19%"
"99","SA ULTRASOUND",0.18,2020-10-01,"18%"
"580","SA ULTRASOUND",0.06,2020-11-01,"6%"
"101","SA ULTRASOUND",0.18,2020-12-01,"18%"
"281","SA ULTRASOUND",0.11,2021-01-01,"11%"
"946","SA ULTRASOUND",0,2021-02-01,"0%"
"399","SA ULTRASOUND",0.09,2021-03-01,"9%"
"401","SA ULTRASOUND",0.09,2021-04-01,"9%"
"1110","SA ULTRASOUND",0.5,2021-05-01,"50%"
"955","SA ULTRASOUND",0,2021-06-01,"0%"
"690","SA ULTRASOUND",0.05,2021-07-01,"5%"
"534","SA ULTRASOUND",0.07,2021-08-01,"7%"
"961","SA ULTRASOUND",0,2021-09-01,"0%"
"343","SA ULTRASOUND",0.1,2021-10-01,"10%"
"702","SA ULTRASOUND",0.05,2021-11-01,"5%"
"351","SA ULTRASOUND",0.1,2021-12-01,"10%"
"708","SA ULTRASOUND",0.05,2022-01-01,"5%"
"308","SA ULTRASOUND",0.11,2022-02-01,"11%"
"715","SA ULTRASOUND",0.05,2022-03-01,"5%"
"194","SA ULTRASOUND",0.14,2022-04-01,"14%"
"493","SMALL ANIMAL PATIENT CARE",0.07,2020-01-01,"7%"
"368","SMALL ANIMAL PATIENT CARE",0.09,2020-02-01,"9%"
"92","SMALL ANIMAL PATIENT CARE",0.18,2020-03-01,"18%"
"39","SMALL ANIMAL PATIENT CARE",0.26,2020-04-01,"26%"
"233","SMALL ANIMAL PATIENT CARE",0.12,2020-05-01,"12%"
"198","SMALL ANIMAL PATIENT CARE",0.13,2020-06-01,"13%"
"202","SMALL ANIMAL PATIENT CARE",0.13,2020-07-01,"13%"
"175","SMALL ANIMAL PATIENT CARE",0.14,2020-08-01,"14%"
"239","SMALL ANIMAL PATIENT CARE",0.12,2020-09-01,"12%"
"207","SMALL ANIMAL PATIENT CARE",0.13,2020-10-01,"13%"
"242","SMALL ANIMAL PATIENT CARE",0.12,2020-11-01,"12%"
"391","SMALL ANIMAL PATIENT CARE",0.09,2020-12-01,"9%"
"394","SMALL ANIMAL PATIENT CARE",0.09,2021-01-01,"9%"
"282","SMALL ANIMAL PATIENT CARE",0.11,2021-02-01,"11%"
"398","SMALL ANIMAL PATIENT CARE",0.09,2021-03-01,"9%"
"461","SMALL ANIMAL PATIENT CARE",0.08,2021-04-01,"8%"
"336","SMALL ANIMAL PATIENT CARE",0.1,2021-05-01,"10%"
"213","SMALL ANIMAL PATIENT CARE",0.13,2021-06-01,"13%"
"257","SMALL ANIMAL PATIENT CARE",0.12,2021-07-01,"12%"
"293","SMALL ANIMAL PATIENT CARE",0.11,2021-08-01,"11%"
"186","SMALL ANIMAL PATIENT CARE",0.14,2021-09-01,"14%"
"219","SMALL ANIMAL PATIENT CARE",0.13,2021-10-01,"13%"
"475","SMALL ANIMAL PATIENT CARE",0.08,2021-11-01,"8%"
"543","SMALL ANIMAL PATIENT CARE",0.07,2021-12-01,"7%"
"482","SMALL ANIMAL PATIENT CARE",0.08,2022-01-01,"8%"
"548","SMALL ANIMAL PATIENT CARE",0.07,2022-02-01,"7%"
"550","SMALL ANIMAL PATIENT CARE",0.07,2022-03-01,"7%"
"491","SMALL ANIMAL PATIENT CARE",0.08,2022-04-01,"8%"
